-- phpMyAdmin SQL Dump
-- version 4.7.0
-- https://www.phpmyadmin.net/
--
-- Host: 127.0.0.1
-- Generation Time: Apr 15, 2019 at 02:27 PM
-- Server version: 5.7.17
-- PHP Version: 7.1.3

SET SQL_MODE = "NO_AUTO_VALUE_ON_ZERO";
SET AUTOCOMMIT = 0;
START TRANSACTION;
SET time_zone = "+00:00";


/*!40101 SET @OLD_CHARACTER_SET_CLIENT=@@CHARACTER_SET_CLIENT */;
/*!40101 SET @OLD_CHARACTER_SET_RESULTS=@@CHARACTER_SET_RESULTS */;
/*!40101 SET @OLD_COLLATION_CONNECTION=@@COLLATION_CONNECTION */;
/*!40101 SET NAMES utf8mb4 */;

--
-- Database: `nilso-news`
--

-- --------------------------------------------------------

--
-- Table structure for table `category`
--

CREATE TABLE `category` (
  `id` int(11) NOT NULL,
  `title` varchar(150) COLLATE utf8mb4_persian_ci NOT NULL,
  `slag` varchar(150) COLLATE utf8mb4_persian_ci DEFAULT NULL,
  `parent_id` int(11) DEFAULT '0',
  `picture_id` int(11) DEFAULT NULL,
  `created_at` timestamp NULL DEFAULT CURRENT_TIMESTAMP,
  `updated_at` timestamp NULL DEFAULT NULL ON UPDATE CURRENT_TIMESTAMP,
  `deleted_at` timestamp NULL DEFAULT NULL
) ENGINE=MyISAM DEFAULT CHARSET=utf8mb4 COLLATE=utf8mb4_persian_ci;

--
-- Dumping data for table `category`
--

INSERT INTO `category` (`id`, `title`, `slag`, `parent_id`, `picture_id`, `created_at`, `updated_at`, `deleted_at`) VALUES
(1, 'سیاسی', NULL, NULL, NULL, '2019-04-13 01:32:15', '2019-04-13 01:32:15', NULL),
(2, 'مجلس', NULL, 1, NULL, '2019-04-13 01:32:29', '2019-04-13 01:32:29', NULL),
(3, 'ورزشی', NULL, NULL, NULL, '2019-04-13 01:32:39', '2019-04-13 01:32:39', NULL),
(4, 'اقتصادی', NULL, NULL, NULL, '2019-04-13 01:32:46', '2019-04-13 01:32:46', NULL),
(5, 'اجتماعی', NULL, NULL, NULL, '2019-04-13 01:33:02', '2019-04-13 01:33:02', NULL);

-- --------------------------------------------------------

--
-- Table structure for table `migrations`
--

CREATE TABLE `migrations` (
  `id` int(10) UNSIGNED NOT NULL,
  `migration` varchar(255) COLLATE utf8mb4_unicode_ci NOT NULL,
  `batch` int(11) NOT NULL
) ENGINE=MyISAM DEFAULT CHARSET=utf8mb4 COLLATE=utf8mb4_unicode_ci;

--
-- Dumping data for table `migrations`
--

INSERT INTO `migrations` (`id`, `migration`, `batch`) VALUES
(1, '2014_10_12_000000_create_users_table', 1),
(2, '2014_10_12_100000_create_password_resets_table', 1),
(3, '2019_04_13_051104_create_permission_tables', 1),
(4, '2019_04_13_060805_news', 2),
(5, '2019_04_13_060818_category', 2),
(6, '2019_04_13_060832_status', 2),
(7, '2019_04_13_060844_tags', 2),
(8, '2019_04_13_060856_picture', 2),
(9, '2019_04_13_060909_roles', 2),
(10, '2019_04_13_060932_role_has_permissions', 2),
(11, '2019_04_13_061002_model_has_permissions', 2),
(12, '2019_04_13_061033_model_has_roles', 2),
(13, '2019_04_13_061115_permissions', 2),
(14, '2019_04_13_073433_news_meta', 3),
(15, '2019_04_14_101356_news_tag', 4),
(16, '2019_04_14_101835_news_tag', 5),
(18, '2019_04_14_102214_news_tag', 6),
(19, '2019_04_15_071731_news_category', 7);

-- --------------------------------------------------------

--
-- Table structure for table `model_has_permissions`
--

CREATE TABLE `model_has_permissions` (
  `permission_id` int(10) UNSIGNED NOT NULL,
  `model_type` varchar(191) COLLATE utf8mb4_unicode_ci NOT NULL,
  `model_id` bigint(20) UNSIGNED NOT NULL
) ENGINE=MyISAM DEFAULT CHARSET=utf8mb4 COLLATE=utf8mb4_unicode_ci;

-- --------------------------------------------------------

--
-- Table structure for table `model_has_roles`
--

CREATE TABLE `model_has_roles` (
  `role_id` int(10) UNSIGNED NOT NULL,
  `model_type` varchar(191) COLLATE utf8mb4_unicode_ci NOT NULL,
  `model_id` bigint(20) UNSIGNED NOT NULL
) ENGINE=MyISAM DEFAULT CHARSET=utf8mb4 COLLATE=utf8mb4_unicode_ci;

--
-- Dumping data for table `model_has_roles`
--

INSERT INTO `model_has_roles` (`role_id`, `model_type`, `model_id`) VALUES
(1, 'App\\User', 1),
(2, 'App\\User', 1);

-- --------------------------------------------------------

--
-- Table structure for table `news`
--

CREATE TABLE `news` (
  `id` int(11) NOT NULL,
  `title` varchar(1000) COLLATE utf8mb4_persian_ci DEFAULT NULL COMMENT 'عنوان',
  `content` text COLLATE utf8mb4_persian_ci COMMENT 'محتوا',
  `picture_id` int(11) DEFAULT '0' COMMENT 'تصویر',
  `pictures` varchar(150) COLLATE utf8mb4_persian_ci DEFAULT NULL,
  `user_id` int(11) NOT NULL COMMENT 'نویسنده',
  `status_id` int(11) DEFAULT '1' COMMENT 'وضعیت',
  `created_at` timestamp NULL DEFAULT CURRENT_TIMESTAMP,
  `updated_at` timestamp NULL DEFAULT NULL ON UPDATE CURRENT_TIMESTAMP,
  `deleted_at` timestamp NULL DEFAULT NULL
) ENGINE=MyISAM DEFAULT CHARSET=utf8mb4 COLLATE=utf8mb4_persian_ci;

--
-- Dumping data for table `news`
--

INSERT INTO `news` (`id`, `title`, `content`, `picture_id`, `pictures`, `user_id`, `status_id`, `created_at`, `updated_at`, `deleted_at`) VALUES
(1, NULL, '<p>چرا شهرداری مجبور به فروش دارایی&zwnj;های خود شد</p>', 0, '', 1, 1, '2019-04-13 07:33:47', '2019-04-14 02:31:06', '2019-04-14 02:31:06'),
(2, 'چرا شهرداری مجبور به فروش دارایی‌های خود شد', '<p dir=\"rtl\">شهر بزرگ و پرهزینه تهران نیازمند طرحی نو در اداره شهر است. نگرانی از وضعیت اقتصادی پایتخت و نحوه اداره آن در سال جدید را می&zwnj;توان در صحبت&zwnj;هایی که شهردار تهران در جمع مدیران شهری بیان کرده است، به&zwnj;خوبی فهمید.</p>\r\n<p dir=\"rtl\"><strong>بیشتر بخوانید:</strong></p>\r\n<ul dir=\"rtl\">\r\n<li><a href=\"https://mag.nilsoo.com/3372-2/\">باغ&zwnj;های تهران همچنان به مسلخ می&zwnj;روند</a></li>\r\n<li><a href=\"https://mag.nilsoo.com/%D8%B4%D9%87%D8%B1%D8%AF%D8%A7%D8%B1%DB%8C%E2%80%8C%D9%87%D8%A7-%D8%AF%D8%B1-%DA%86%D9%86%D8%A8%D8%B1%DB%80-%D9%85%D8%B9%DB%8C%D9%88%D8%A8-%D8%AF%D8%B1%D8%A2%D9%85%D8%AF%D9%87%D8%A7%DB%8C-%D9%86%D8%A7/\">شهرداری&zwnj;ها در چنبرۀ معیوب درآمدهای ناپایدار</a></li>\r\n</ul>\r\n<p dir=\"rtl\">به نظر می&zwnj;رسد پیروز حناچی کار سختی پیش&zwnj;رو دارد، رشد تورم، مشکلات اقتصادی، کاهش درآمد پایدار شهردار&zwnj;ی&zwnj;ها و&hellip; از جمله موانع بزرگ بر سر اداره شهر تهران که وی به آن&zwnj;ها اشاره کرده است.</p>\r\n<p dir=\"rtl\">راهکار او انجام برنامه&zwnj;ریزی برای همه امور اداره شهر با بررسی عملکرد مالی شهرداری تهران در یک دهه اخیر است. آن&zwnj;طور که پیروز حناچی عنوان کرده است؛ در سال ۹۱ که ۸۰ درصد از درآمد شهرداری به ساخت&zwnj;وساز وابسته بود پیش&zwnj;بینی می&zwnj;شد که این سطح از ساخت&zwnj;وساز و چنین درآمدی ادامه نخواهد یافت و شهرداری در سال&zwnj;های بعد به مشکل خواهد خورد. این در حالی است که در شرایط کنونی نیز به&zwnj;رغم درآمدهایی که شهرداری تهران دارد، اما کفاف تأمین هزینه&zwnj;های طرح&zwnj;ها و برنامه&zwnj;های این مجموعه را نمی&zwnj;د&zwnj;هد.</p>\r\n<p dir=\"rtl\">تا به امروز حدود ۷۰ تا ۸۰ درصد درآمد شهرداری&zwnj;های کلان&zwnj;شهرها از فروش تراکم و عوارض، صدور پروانه ساختمان تأمین شده است.</p>\r\n<p dir=\"rtl\">بر اساس این گزارش، سیاست کاهش کمک&zwnj;های دولتی که بدون درنظرگرفتن منابع درآمدی جایگزین صورت گرفت مشکلات عدیده&zwnj;ای را برای شهرداری&zwnj;ها به وجود آورده است؛ به&zwnj;طوری&zwnj;که تا به امروز حدود ۷۰ تا ۸۰ درصد درآمد شهرداری&zwnj;های کلان&zwnj;شهرها از فروش تراکم و عوارض، صدور پروانه ساختمان تأمین شده است. در نتیجه با اجرای سیاست خودکفایی شهرداری&zwnj;ها بدون پیش&zwnj;بینی منابع درآمدی جایگزین بخش&zwnj;های درآمدی شهرداری&zwnj;ها را در وضعیت ناپایداری قرار داد. حال&zwnj;آنکه شهرداری برای خدما&zwnj;ت&zwnj;رسانی مطلوب در اداره شهر نیازمند تأمین منابع مالی پایدار است این مهم تا به امروز با روش فروش تراکم و دیگر درآمدهای ناپایدار انجام شده است.</p>\r\n<h4 dir=\"rtl\"><strong>فروش املاک</strong><strong>، تدبیر شهردار برای تأمین مالی</strong></h4>\r\n<figure class=\"wp-block-image\" dir=\"rtl\"><img class=\"wp-image-3631\" src=\"https://mag.nilsoo.com/wp-content/uploads/2019/04/20190304111231541-1-1024x682.jpg\" sizes=\"(max-width: 1024px) 100vw, 1024px\" srcset=\"https://mag.nilsoo.com/wp-content/uploads/2019/04/20190304111231541-1.jpg 1024w, https://mag.nilsoo.com/wp-content/uploads/2019/04/20190304111231541-1-300x200.jpg 300w, https://mag.nilsoo.com/wp-content/uploads/2019/04/20190304111231541-1-768x511.jpg 768w\" alt=\"\" /></figure>\r\n<p dir=\"rtl\">بااین&zwnj;حال، روزهای گذشته شهرداری تهران برای تأمین مالی ۲۰ درصد از هزینه&zwnj;های پایتخت در سال ۹۸، لیست فروش ۵۹۵ فقره از املاک تحت مالکیت خود را منتشر کرد.</p>\r\n<p dir=\"rtl\">بر اساس این گزارش، از مجموع بودجه ۱۸ هزار و ۹۰۰ میلیارد تومانی اداره پایتخت در سال جاری، رقمی معادل ۳هزار و ۸۰۰ میلیارد تومان از محل منابع غیرنقدی ناشی از &laquo;فروش ملک&raquo; و &laquo;صدور جواز ساخت بدون دریافت پول نقد (هولوگرام)&raquo; تأمین می&zwnj;شود.</p>\r\n<p dir=\"rtl\">در همین راستا، شهرداری لیست اموال قابل&zwnj;فروش برای سال ۹۸ را اعلام عمومی کرده است. این لیست مجموعه&zwnj;ای از املاک و مستغلاتی است که مالکیت آن به لحاظ ثبتی و رسمی در اختیار شهرداری تهران قرار دارد.</p>\r\n<p dir=\"rtl\">طبق آنچه در جزئیات ۵۹۵ فقره املاک و مستغلات قابل&zwnj;فروش قابل&zwnj;مشاهده است: ۹۸ درصد این املاک در نیمه جنوبی پایتخت و بیش از ۵۰ درصد آن در جنوبی&zwnj;ترین نقطه حریم پایتخت قرار دارند. این املاک فوق مرغوب نیستند و می&zwnj;توان گفت املاکی هستند که از نظر مدیریت شهری پایتخت امکان بهره&zwnj;برداری و انتفاع حداکثری از آن&zwnj;ها برای مدیریت شهری وجود ندارد که البته این موضوع به معنای قابل استفاده نبودن این املاک برای سایر بخش&zwnj;ها از جمله بخش خصوصی نیست.</p>\r\n<p dir=\"rtl\">نحوه فروش املاک معرفی&zwnj;شده، مزایده&zwnj;ای است و شامل انواع زمین، پارکینگ، پاساژ، ساختمان اداری و تعداد معدودی آپارتمان مسکونی است. نکته جالب آنکه ۵۹۵ فقره ملک معرفی&zwnj;شده در این لیست حدود ۱۰ درصد از کل موجودی اعلام&zwnj;شده از املاک قابل&zwnj;فروش تحت مالکیت شهرداری تهران است.</p>\r\n<p dir=\"rtl\">از مجموع بودجه ۱۸ هزار و ۹۰۰ میلیارد تومانی اداره پایتخت در سال جاری، رقمی معادل ۳ هزار و ۸۰۰ میلیارد تومان از محل منابع غیرنقدی ناشی از &laquo;فروش ملک&raquo; و &laquo;صدور جواز ساخت بدون دریافت پول نقد (هولوگرام)&raquo; تأمین می&zwnj;شود.</p>\r\n<p dir=\"rtl\">طبق آخرین گزارش رسمی شهرداری مربوط به ابتدای سال ۹۷، موجودی املاک قابل&zwnj;فروش و غیرقابل فروش (همچون ساختمان&zwnj;های اداری) تحت مالکیت شهرداری تهران بیش از ۶۰هزار فقره هستند که از این میان ۶هزار و ۲۹۸ فقره در گروه املاک قابل&zwnj;فروش قرار دارند. از این تعداد، ۲۵ درصد املاک معادل یک&zwnj;هزار و ۵۵۲ فقره دارای کاربری مسکونی، ۷/ ۷ درصد املاک معادل ۴۸۶ فقره دارای کاربری اداری، ۲۰ درصد املاک معادل یک&zwnj;هزار و ۲۷۸ فقره دارای کاربری تجاری و ۱۳ درصد آن&zwnj;ها معادل ۸۱۸ قطعه، زمین است. مطابق با برآوردهای کارشناسی انجام&zwnj;شده، مجموع ارزش ۵۹۵ ملک ارائه&zwnj;شده در این لیست معادل ۶هزار و ۶۷۵ میلیارد تومان است که علی&zwnj;القاعده باید به شکل مزایده به فروش برسد. در این لیست نیز ۴۲ درصد املاک کاربری تجاری، ۲۹ درصد کاربری پارکینگ، ۱۰ درصد زمین و ۳ درصد آپارتمان با کاربری مسکونی هستند.</p>\r\n<p dir=\"rtl\">نکته قابل&zwnj;توجه در لیست املاک منتشرشده شهرداری این است که بخش عمده یعنی ۹۸ درصد املاک در نیمه جنوبی شهر واقع شده&zwnj; و برای فروش عرضه شده&zwnj;اند و بخش عمده املاک متعلق به شهرداری که در مناطق شمالی بوده و جزو املاک فوق مرغوب محسوب می&zwnj;شوند، عرضه نشده است.</p>\r\n<figure class=\"wp-block-image\" dir=\"rtl\"><img class=\"wp-image-3628\" src=\"https://mag.nilsoo.com/wp-content/uploads/2019/04/464200_146-1024x745.jpg\" sizes=\"(max-width: 1024px) 100vw, 1024px\" srcset=\"https://mag.nilsoo.com/wp-content/uploads/2019/04/464200_146.jpg 1024w, https://mag.nilsoo.com/wp-content/uploads/2019/04/464200_146-300x218.jpg 300w, https://mag.nilsoo.com/wp-content/uploads/2019/04/464200_146-768x559.jpg 768w\" alt=\"\" /></figure>\r\n<p dir=\"rtl\">بر اساس این گزارش، با وجود ادامه رکود بخش مسکن، زنگ هشدار شرایط سخت&zwnj;تر برای تأمین مالی اداره شهر نسبت&zwnj;به سال گذشته که پیش&zwnj;تر به&zwnj;واسطه تأمین منابع از محل صدور پروانه ساختمانی برای شهرداری تهران تأمین می&zwnj;شد به صدا درآمده است و هم&zwnj;اکنون چالش عدم کسب درآمد از محل صدور پروانه ساختمانی و تغییر کاربری برای شهرداری یک بحران است.</p>\r\n<p dir=\"rtl\">این راهکارها وضعیت اداره شهر را در درازمدت تأمین نخواهند کرد؛ چنانچه نا&zwnj;کارآمدی درآمدی و نظام مدیریت مالی، ناپایداری درآمد&zwnj;ها بی&zwnj;توجهی به برنامه&zwnj;ریزی حتی پس از تصویب قانون شهرداری&zwnj;ها تصویر روشنی از درآمد شهرداری&zwnj;ها و تأمین منابع درآمدی پروژه&zwnj;های شهری قرار نداده است.</p>\r\n<p dir=\"rtl\">در این راستا، کارشناسان شهری بر این باورند که در کنار راهکارهایی که شهردار پایتخت به مدیران شهری پیشنهاد می&zwnj;دهد، اگر دو لایحه مهم درآمدهای پایدار و مالیات بر ارزش&zwnj;افزوده در مجلس تصویب شود، بسیاری از مشکلات مالی شهرداری تهران حل خواهد شد و اگر هم تصویب نشود، مدیران شهری مجبور به اتخاذ روش&zwnj;هایی برای تأمین بودجه موردنیاز خود هستند.</p>', 0, '4,', 1, 2, '2019-04-13 07:35:26', '2019-04-15 00:51:07', NULL),
(3, 'چرا شهرداری مجبور به فروش دارایی‌های خود شد', '<p dir=\"rtl\">به گزارش &laquo;دنیای اقتصاد&raquo; از مجموع بودجه ۱۸ هزار و ۹۰۰ میلیارد تومانی&nbsp;<strong><a title=\"بودجه\" href=\"https://www.donya-e-eqtesad.com/fa/tags/%D8%A8%D9%88%D8%AF%D8%AC%D9%87\">بودجه</a></strong>&nbsp;اداره&nbsp;<strong><a title=\"پایتخت\" href=\"https://www.donya-e-eqtesad.com/fa/tags/%D9%BE%D8%A7%DB%8C%D8%AA%D8%AE%D8%AA\">پایتخت</a></strong>&nbsp;در سال جاری، رقمی معادل ۳ هزار و ۸۰۰ میلیارد تومان از محل منابع غیر نقد شامل دو جزء اصلی &laquo;فروش ملک&raquo; و &laquo;صدور جواز ساخت بدون دریافت&nbsp;<strong><a title=\"پول\" href=\"https://www.donya-e-eqtesad.com/fa/tags/%D9%BE%D9%88%D9%84\">پول</a></strong>نقد(هولوگرام)&raquo; تامین می&zwnj;شود. از این رو&nbsp;<strong><a title=\"شهرداری\" href=\"https://www.donya-e-eqtesad.com/fa/tags/%D8%B4%D9%87%D8%B1%D8%AF%D8%A7%D8%B1%DB%8C\">شهرداری</a></strong>&nbsp;برای تامین بخشی از منابع غیرنقد خود،&nbsp;<strong><a href=\"https://static1.donya-e-eqtesad.com/servev2/mrDU8yLQRLAI/VpZsibB36zwuV2YKDk6btsEcAi-iwmoSS3tNnLMSGeY,/%DA%AF%D8%B2%D8%A7%D8%B1%D8%B4+%D8%B9%D9%85%D9%84%DA%A9%D8%B1%D8%AF+9+%D9%85%D8%A7%D9%87%D9%87+%D8%B4%D9%87%D8%B1%D8%AF%D8%A7%D8%B1%DB%8C+%D8%AA%D9%87%D8%B1%D8%A7%D9%86.pdf\" target=\"_blank\" rel=\"noopener\">لیست اموال قابل فروش برای سال ۹۸</a></strong>&nbsp;را اعلام عمومی کرده است. این لیست مجموعه متنوعی از املاک و مستغلاتی است که مالکیت آن به لحاظ ثبتی و رسمی در اختیار<strong><a title=\"شهرداری تهران\" href=\"https://www.donya-e-eqtesad.com/fa/tags/%D8%B4%D9%87%D8%B1%D8%AF%D8%A7%D8%B1%DB%8C_%D8%AA%D9%87%D8%B1%D8%A7%D9%86\">شهرداری تهران</a></strong>&nbsp;قرار دارد و دارای دو خصوصیت مرئی و نامرئی است.</p>\r\n<p dir=\"rtl\">خصوصیت مرئی املاک ثبت شده در لیست اموال قابل فروش شهرداری، به موقعیت مکانی و جغرافیایی این املاک در محدوده<strong><a title=\"شهر تهران\" href=\"https://www.donya-e-eqtesad.com/fa/tags/%D8%B4%D9%87%D8%B1_%D8%AA%D9%87%D8%B1%D8%A7%D9%86\">شهر تهران</a></strong>&nbsp;باز می&zwnj;گردد. جزئیات ۵۹۵ فقره املاک و مستغلات قابل فروش نشان می&zwnj;دهد: ۹۸ درصد این املاک در نیمه جنوبی پایتخت و بیش از ۵۰ درصد آن در جنوبی&zwnj;ترین نقطه حریم پایتخت قرار گرفته&zwnj;اند. دیگر خصوصیت املاک قرار گرفته در این لیست که نامرئی است مربوط به درجه و نوع مرغوبیت این املاک است. بررسی&zwnj;ها حاکی از آن است که این املاک در گروه املاک فوق مرغوب شهر محسوب نمی&zwnj;شوند. به تعبیری دیگر در قالب این خصوصیت می&zwnj;توان گفت عمده املاک ارائه شده در این لیست املاکی هستند که از نظر مدیریت شهری پایتخت امکان بهره&zwnj;برداری و انتفاع حداکثری از آنها برای مدیریت شهری وجود ندارد که البته این موضوع به معنای غیرقابل استفاده بودن این املاک برای سایر بخش&zwnj;ها از جمله&nbsp;<strong><a title=\"بخش خصوصی\" href=\"https://www.donya-e-eqtesad.com/fa/tags/%D8%A8%D8%AE%D8%B4_%D8%AE%D8%B5%D9%88%D8%B5%DB%8C\">بخش خصوصی</a></strong>&nbsp;نیست. شکل فروش املاک معرفی شده از سوی شهرداری تهران، مزایده&zwnj;ای است و شامل انواع زمین، پارکینگ، پاساژ، ساختمان اداری و تعداد معدودی آپارتمان مسکونی است. نکته جالب آنکه ۵۹۵ فقره ملک معرفی شده در این لیست حدود ۱۰ درصد از کل موجودی اعلام شده از املاک قابل فروش تحت مالکیت شهرداری تهران است.</p>\r\n<p dir=\"rtl\">طبق آخرین گزارش رسمی شهرداری مربوط به ابتدای سال ۹۷، موجودی املاک قابل فروش و غیرقابل فروش(همچون ساختمان&zwnj;های اداری) تحت مالکیت شهرداری تهران بیش از ۶۰ هزار فقره هستند که از این میان ۶ هزار و ۲۹۸ فقره در گروه املاک قابل فروش قرار دارند. از این تعداد، ۲۵ درصد املاک معادل یک هزار و ۵۵۲ فقره دارای کاربری مسکونی، ۷/ ۷ درصد املاک معادل ۴۸۶ فقره دارای کاربری اداری، ۲۰ درصد املاک معادل یک هزار و ۲۷۸ فقره دارای کاربری تجاری و ۱۳ درصد آنها معادل ۸۱۸ قطعه،&nbsp;<strong><a title=\"زمین\" href=\"https://www.donya-e-eqtesad.com/fa/tags/%D8%B2%D9%85%DB%8C%D9%86\">زمین</a></strong>&nbsp;است. مطابق با برآوردهای&nbsp;<strong><a title=\"کارشناسی\" href=\"https://www.donya-e-eqtesad.com/fa/tags/%DA%A9%D8%A7%D8%B1%D8%B4%D9%86%D8%A7%D8%B3%DB%8C\">کارشناسی</a></strong>&nbsp;انجام شده مجموع ارزش ۵۹۵ ملک ارائه شده در این لیست معادل ۶ هزار و ۶۷۵ میلیارد تومان است که علی&zwnj;القاعده باید به شکل&nbsp;<strong><a title=\"مزایده\" href=\"https://www.donya-e-eqtesad.com/fa/tags/%D9%85%D8%B2%D8%A7%DB%8C%D8%AF%D9%87\">مزایده</a></strong>&nbsp;به فروش برسد. در این لیست نیز ۴۲ درصد املاک کاربری تجاری، ۲۹ درصد کاربری پارکینگ، ۱۰ درصد زمین و ۳ درصد آپارتمان با کاربری مسکونی هستند.</p>\r\n<p dir=\"rtl\">در لیستی که هم&zwnj;اکنون به&zwnj;صورت فایل پی&zwnj;دی&zwnj;اف از سوی شهرداری منتشر شده و &laquo;دنیای اقتصاد&raquo; آن را در سایت خود به&zwnj;صورت همزمان با انتشار این گزارش بارگذاری می&zwnj;کند اگرچه هنوز به&zwnj;صورت آنلاین قابل رویت نیست؛ موقعیت جغرافیایی این املاک قابل توجه است چراکه بخش عمده یعنی ۹۸ درصد املاک در نیمه جنوبی شهر واقع شده&zwnj; و برای فروش عرضه شده&zwnj;اند. از این رو این سوال ایجاد می&zwnj;شود که آیا شهرداری در مناطق شمالی شهر(یعنی مناطق یک تا پنج) املاک تحت اختیار ندارد و اگر دارد چرا اسامی آنها در این لیست ارائه نشده است؟ در پاسخ به این سوال می&zwnj;توان گفت از آنجاکه بخش عمده املاک متعلق به شهرداری واقع در مناطق شمالی، جزو املاک فوق مرغوب(به لحاظ کیفیت و ارزش) محسوب می&zwnj;شوند شهرداری علاقه&zwnj;ای به فروش و عرضه آنها ندارد. هرچند که جست&zwnj;و&zwnj;جو در میان املاک احتمالی تحت مالکیت شهرداری این موضوع را روشن می&zwnj;کند که به دلیل نبود سامانه جامع املاک، مدیران شهرداری از موقعیت و کم وکیف برخی املاک متعلق به شهرداری خبر ندارند.</p>\r\n<h2 dir=\"rtl\">فروش املاک از مسیر جدید</h2>\r\n<p dir=\"rtl\">بررسی&zwnj;ها نشان می&zwnj;دهد تامین منابع برای اداره شهر تهران از محل فروش ملک سابقه تقریبا طولانی در مجموعه مدیریت شهری پایتخت دارد. طی سال&zwnj;های گذشته به ویژه در دوره مدیریت شهری گذشته و در اوج رکود ساختمانی از یکسو کسری منابع حاصل از کاهش صدور پروانه ساختمانی و از سوی دیگر اجرای ابرپروژه&zwnj;های شهری پول&zwnj;خوار(ساخت بزرگراه&zwnj;ها و تونل&zwnj;های شهری برای جولان خودروهای شخصی) سبب شد تا شهرداری به حرکت در ساده&zwnj;ترین مسیر تامین مالی یعنی فروش دارایی&zwnj;های ارزشمند شهر به شکل تهاتر با هزینه پیمانکاران ابر&zwnj;پروژه&zwnj;ها هدایت شود.</p>', 0, '6,', 1, 1, '2019-04-14 02:22:03', '2019-04-14 02:31:11', '2019-04-14 02:31:11'),
(4, 'چرا شهرداری مجبور به فروش دارایی‌های خود شد', '<p>چرا شهرداری مجبور به فروش دارایی&zwnj;های خود شد</p>', 0, '', 1, 1, '2019-04-14 06:47:56', '2019-04-14 06:56:08', '2019-04-14 06:56:08'),
(5, 'چرا شهرداری مجبور به فروش دارایی‌های خود شد', '<p>چرا شهرداری مجبور به فروش دارایی&zwnj;های خود شد</p>', 0, '', 1, 1, '2019-04-14 06:52:00', '2019-04-14 06:56:05', '2019-04-14 06:56:05'),
(6, 'چرا شهرداری مجبور به فروش دارایی‌های خود شد', '<p>چرا شهرداری مجبور به فروش دارایی&zwnj;های خود شد</p>', 0, '', 1, 1, '2019-04-14 06:54:35', '2019-04-14 06:56:03', '2019-04-14 06:56:03'),
(7, 'چرا شهرداری مجبور به فروش دارایی‌های خود شد', '<p>چرا شهرداری مجبور به فروش دارایی&zwnj;های خود شد</p>', 0, '', 1, 1, '2019-04-14 06:55:47', '2019-04-14 06:55:59', '2019-04-14 06:55:59'),
(8, 'چرا شهرداری مجبور به فروش دارایی‌های خود شد', '<p>چرا شهرداری مجبور به فروش دارایی&zwnj;های خود شد</p>', 0, '', 1, 1, '2019-04-14 07:02:35', '2019-04-14 23:28:25', '2019-04-14 23:28:25'),
(9, 'چرا شهرداری مجبور به فروش دارایی‌های خود شد', '<p>چرا شهرداری مجبور به فروش دارایی&zwnj;های خود شد</p>', 0, '', 1, 1, '2019-04-14 07:05:30', '2019-04-14 23:28:44', '2019-04-14 23:28:44'),
(10, 'چرا شهرداری مجبور به فروش دارایی‌های خود شد', '<p>چرا شهرداری مجبور به فروش دارایی&zwnj;های خود شد</p>', 0, '', 1, 1, '2019-04-14 07:07:00', '2019-04-14 23:28:37', '2019-04-14 23:28:37'),
(11, 'چرا شهرداری مجبور به فروش دارایی‌های خود شد', '<p>چرا شهرداری مجبور به فروش دارایی&zwnj;های خود شد</p>', 0, '', 1, 1, '2019-04-14 07:25:46', '2019-04-14 23:28:29', '2019-04-14 23:28:29'),
(12, 'چرا شهرداری مجبور به فروش دارایی‌های خود شد', '<p>چرا شهرداری مجبور به فروش دارایی&zwnj;های خود شد</p>', 0, '', 1, 1, '2019-04-14 07:30:44', '2019-04-14 23:28:33', '2019-04-14 23:28:33'),
(13, 'چرا شهرداری مجبور به فروش دارایی‌های خود شد', '<p>چرا شهرداری مجبور به فروش دارایی&zwnj;های خود شد</p>', 0, '', 1, 1, '2019-04-14 07:38:38', '2019-04-14 23:28:20', '2019-04-14 23:28:20'),
(14, 'چرا شهرداری مجبور به فروش دارایی‌های خود شد', '<p>چرا شهرداری مجبور به فروش دارایی&zwnj;های خود شد</p>', 0, '', 1, 1, '2019-04-14 07:41:26', '2019-04-15 04:28:06', NULL),
(15, 'چرا شهرداری مجبور به فروش دارایی‌های خود شد', '<p>چرا شهرداری مجبور به فروش دارایی&zwnj;های خود شد</p>', 0, '', 1, 2, '2019-04-14 07:46:25', '2019-04-14 07:46:25', NULL),
(16, 'چرا شهرداری مجبور به فروش دارایی‌های خود شد', '<p>چرا شهرداری مجبور به فروش دارایی&zwnj;های خود شد</p>', 0, '', 1, 2, '2019-04-14 23:33:38', '2019-04-15 01:43:42', '2019-04-15 01:43:42'),
(17, 'چرا شهرداری مجبور به فروش دارایی‌های خود شد', '<p>چرا شهرداری مجبور به فروش دارایی&zwnj;های خود شد</p>', 0, NULL, 1, 3, '2019-04-15 01:26:24', '2019-04-15 01:43:35', '2019-04-15 01:43:35'),
(18, 'چرا شهرداری مجبور به فروش دارایی‌های خود شد', '<p>چرا شهرداری مجبور به فروش دارایی&zwnj;های خود شد</p>', 0, NULL, 1, 3, '2019-04-15 01:28:49', '2019-04-15 01:43:33', '2019-04-15 01:43:33'),
(19, 'چرا شهرداری مجبور به فروش دارایی‌های خود شد', '<p>چرا شهرداری مجبور به فروش دارایی&zwnj;های خود شد</p>', 0, NULL, 1, 3, '2019-04-15 01:30:01', '2019-04-15 01:43:30', '2019-04-15 01:43:30'),
(20, 'چرا شهرداری مجبور به فروش دارایی‌های خود شد', '<p>چرا شهرداری مجبور به فروش دارایی&zwnj;های خود شد</p>', 0, NULL, 1, 3, '2019-04-15 01:32:39', '2019-04-15 01:43:38', '2019-04-15 01:43:38'),
(21, 'چرا شهرداری مجبور به فروش دارایی‌های خود شد', '<p>چرا شهرداری مجبور به فروش دارایی&zwnj;های خود شد</p>', 0, NULL, 1, 3, '2019-04-15 01:36:13', '2019-04-15 01:43:27', '2019-04-15 01:43:27'),
(22, 'چرا شهرداری مجبور به فروش دارایی‌های خود شد', '<p>چرا شهرداری مجبور به فروش دارایی&zwnj;های خود شد</p>', 0, NULL, 1, 2, '2019-04-15 01:43:56', '2019-04-15 01:43:56', NULL),
(23, 'چرا شهرداری مجبور به فروش دارایی‌های خود شد', '<p>چرا شهرداری مجبور به فروش دارایی&zwnj;های خود شد</p>', 0, '', 1, 2, '2019-04-15 01:44:27', '2019-04-15 02:29:05', NULL),
(24, 'چرا شهرداری مجبور به فروش دارایی‌های خود شد', '<p>چرا شهرداری مجبور به فروش دارایی&zwnj;های خود شد</p>', 0, '', 1, 1, '2019-04-15 02:33:05', '2019-04-15 02:37:49', NULL),
(25, 'چرا شهرداری مجبور به فروش دارایی‌های خود شد', '<p>چرا شهرداری مجبور به فروش دارایی&zwnj;های خود شد</p>', 0, NULL, 1, 1, '2019-04-15 03:15:01', '2019-04-15 03:15:01', NULL),
(26, 'چرا شهرداری مجبور به فروش دارایی‌های خود شد', '<p>چرا شهرداری مجبور به فروش دارایی&zwnj;های خود شد</p>', 0, NULL, 1, 1, '2019-04-15 03:18:06', '2019-04-15 03:18:06', NULL),
(27, 'چرا شهرداری مجبور به فروش دارایی‌های خود شد', '<p>چرا شهرداری مجبور به فروش دارایی&zwnj;های خود شد</p>', 0, '', 1, 1, '2019-04-15 03:18:38', '2019-04-15 03:18:38', NULL),
(28, 'بازار ۶۰۰۰ میلیاردی املاک شهرداری', '<p dir=\"rtl\">به گزارش &laquo;دنیای اقتصاد&raquo; از مجموع بودجه ۱۸ هزار و ۹۰۰ میلیارد تومانی&nbsp;<strong><a title=\"بودجه\" href=\"https://www.donya-e-eqtesad.com/fa/tags/%D8%A8%D9%88%D8%AF%D8%AC%D9%87\">بودجه</a></strong>&nbsp;اداره&nbsp;<strong><a title=\"پایتخت\" href=\"https://www.donya-e-eqtesad.com/fa/tags/%D9%BE%D8%A7%DB%8C%D8%AA%D8%AE%D8%AA\">پایتخت</a></strong>&nbsp;در سال جاری، رقمی معادل ۳ هزار و ۸۰۰ میلیارد تومان از محل منابع غیر نقد شامل دو جزء اصلی &laquo;فروش ملک&raquo; و &laquo;صدور جواز ساخت بدون دریافت&nbsp;<strong><a title=\"پول\" href=\"https://www.donya-e-eqtesad.com/fa/tags/%D9%BE%D9%88%D9%84\">پول</a></strong>نقد(هولوگرام)&raquo; تامین می&zwnj;شود. از این رو&nbsp;<strong><a title=\"شهرداری\" href=\"https://www.donya-e-eqtesad.com/fa/tags/%D8%B4%D9%87%D8%B1%D8%AF%D8%A7%D8%B1%DB%8C\">شهرداری</a></strong>&nbsp;برای تامین بخشی از منابع غیرنقد خود،&nbsp;<strong><a href=\"https://static1.donya-e-eqtesad.com/servev2/mrDU8yLQRLAI/VpZsibB36zwuV2YKDk6btsEcAi-iwmoSS3tNnLMSGeY,/%DA%AF%D8%B2%D8%A7%D8%B1%D8%B4+%D8%B9%D9%85%D9%84%DA%A9%D8%B1%D8%AF+9+%D9%85%D8%A7%D9%87%D9%87+%D8%B4%D9%87%D8%B1%D8%AF%D8%A7%D8%B1%DB%8C+%D8%AA%D9%87%D8%B1%D8%A7%D9%86.pdf\" target=\"_blank\" rel=\"noopener\">لیست اموال قابل فروش برای سال ۹۸</a></strong>&nbsp;را اعلام عمومی کرده است. این لیست مجموعه متنوعی از املاک و مستغلاتی است که مالکیت آن به لحاظ ثبتی و رسمی در اختیار<strong><a title=\"شهرداری تهران\" href=\"https://www.donya-e-eqtesad.com/fa/tags/%D8%B4%D9%87%D8%B1%D8%AF%D8%A7%D8%B1%DB%8C_%D8%AA%D9%87%D8%B1%D8%A7%D9%86\">شهرداری تهران</a></strong>&nbsp;قرار دارد و دارای دو خصوصیت مرئی و نامرئی است.</p>\r\n<p dir=\"rtl\">خصوصیت مرئی املاک ثبت شده در لیست اموال قابل فروش شهرداری، به موقعیت مکانی و جغرافیایی این املاک در محدوده<strong><a title=\"شهر تهران\" href=\"https://www.donya-e-eqtesad.com/fa/tags/%D8%B4%D9%87%D8%B1_%D8%AA%D9%87%D8%B1%D8%A7%D9%86\">شهر تهران</a></strong>&nbsp;باز می&zwnj;گردد. جزئیات ۵۹۵ فقره املاک و مستغلات قابل فروش نشان می&zwnj;دهد: ۹۸ درصد این املاک در نیمه جنوبی پایتخت و بیش از ۵۰ درصد آن در جنوبی&zwnj;ترین نقطه حریم پایتخت قرار گرفته&zwnj;اند. دیگر خصوصیت املاک قرار گرفته در این لیست که نامرئی است مربوط به درجه و نوع مرغوبیت این املاک است. بررسی&zwnj;ها حاکی از آن است که این املاک در گروه املاک فوق مرغوب شهر محسوب نمی&zwnj;شوند. به تعبیری دیگر در قالب این خصوصیت می&zwnj;توان گفت عمده املاک ارائه شده در این لیست املاکی هستند که از نظر مدیریت شهری پایتخت امکان بهره&zwnj;برداری و انتفاع حداکثری از آنها برای مدیریت شهری وجود ندارد که البته این موضوع به معنای غیرقابل استفاده بودن این املاک برای سایر بخش&zwnj;ها از جمله&nbsp;<strong><a title=\"بخش خصوصی\" href=\"https://www.donya-e-eqtesad.com/fa/tags/%D8%A8%D8%AE%D8%B4_%D8%AE%D8%B5%D9%88%D8%B5%DB%8C\">بخش خصوصی</a></strong>&nbsp;نیست. شکل فروش املاک معرفی شده از سوی شهرداری تهران، مزایده&zwnj;ای است و شامل انواع زمین، پارکینگ، پاساژ، ساختمان اداری و تعداد معدودی آپارتمان مسکونی است. نکته جالب آنکه ۵۹۵ فقره ملک معرفی شده در این لیست حدود ۱۰ درصد از کل موجودی اعلام شده از املاک قابل فروش تحت مالکیت شهرداری تهران است.</p>\r\n<p dir=\"rtl\">&nbsp;</p>\r\n<p dir=\"rtl\">طبق آخرین گزارش رسمی شهرداری مربوط به ابتدای سال ۹۷، موجودی املاک قابل فروش و غیرقابل فروش(همچون ساختمان&zwnj;های اداری) تحت مالکیت شهرداری تهران بیش از ۶۰ هزار فقره هستند که از این میان ۶ هزار و ۲۹۸ فقره در گروه املاک قابل فروش قرار دارند. از این تعداد، ۲۵ درصد املاک معادل یک هزار و ۵۵۲ فقره دارای کاربری مسکونی، ۷/ ۷ درصد املاک معادل ۴۸۶ فقره دارای کاربری اداری، ۲۰ درصد املاک معادل یک هزار و ۲۷۸ فقره دارای کاربری تجاری و ۱۳ درصد آنها معادل ۸۱۸ قطعه،&nbsp;<strong><a title=\"زمین\" href=\"https://www.donya-e-eqtesad.com/fa/tags/%D8%B2%D9%85%DB%8C%D9%86\">زمین</a></strong>&nbsp;است. مطابق با برآوردهای&nbsp;<strong><a title=\"کارشناسی\" href=\"https://www.donya-e-eqtesad.com/fa/tags/%DA%A9%D8%A7%D8%B1%D8%B4%D9%86%D8%A7%D8%B3%DB%8C\">کارشناسی</a></strong>&nbsp;انجام شده مجموع ارزش ۵۹۵ ملک ارائه شده در این لیست معادل ۶ هزار و ۶۷۵ میلیارد تومان است که علی&zwnj;القاعده باید به شکل&nbsp;<strong><a title=\"مزایده\" href=\"https://www.donya-e-eqtesad.com/fa/tags/%D9%85%D8%B2%D8%A7%DB%8C%D8%AF%D9%87\">مزایده</a></strong>&nbsp;به فروش برسد. در این لیست نیز ۴۲ درصد املاک کاربری تجاری، ۲۹ درصد کاربری پارکینگ، ۱۰ درصد زمین و ۳ درصد آپارتمان با کاربری مسکونی هستند.</p>\r\n<p dir=\"rtl\">در لیستی که هم&zwnj;اکنون به&zwnj;صورت فایل پی&zwnj;دی&zwnj;اف از سوی شهرداری منتشر شده و &laquo;دنیای اقتصاد&raquo; آن را در سایت خود به&zwnj;صورت همزمان با انتشار این گزارش بارگذاری می&zwnj;کند اگرچه هنوز به&zwnj;صورت آنلاین قابل رویت نیست؛ موقعیت جغرافیایی این املاک قابل توجه است چراکه بخش عمده یعنی ۹۸ درصد املاک در نیمه جنوبی شهر واقع شده&zwnj; و برای فروش عرضه شده&zwnj;اند. از این رو این سوال ایجاد می&zwnj;شود که آیا شهرداری در مناطق شمالی شهر(یعنی مناطق یک تا پنج) املاک تحت اختیار ندارد و اگر دارد چرا اسامی آنها در این لیست ارائه نشده است؟ در پاسخ به این سوال می&zwnj;توان گفت از آنجاکه بخش عمده املاک متعلق به شهرداری واقع در مناطق شمالی، جزو املاک فوق مرغوب(به لحاظ کیفیت و ارزش) محسوب می&zwnj;شوند شهرداری علاقه&zwnj;ای به فروش و عرضه آنها ندارد. هرچند که جست&zwnj;و&zwnj;جو در میان املاک احتمالی تحت مالکیت شهرداری این موضوع را روشن می&zwnj;کند که به دلیل نبود سامانه جامع املاک، مدیران شهرداری از موقعیت و کم وکیف برخی املاک متعلق به شهرداری خبر ندارند.</p>\r\n<h2 dir=\"rtl\">فروش املاک از مسیر جدید</h2>\r\n<p dir=\"rtl\">بررسی&zwnj;ها نشان می&zwnj;دهد تامین منابع برای اداره شهر تهران از محل فروش ملک سابقه تقریبا طولانی در مجموعه مدیریت شهری پایتخت دارد. طی سال&zwnj;های گذشته به ویژه در دوره مدیریت شهری گذشته و در اوج رکود ساختمانی از یکسو کسری منابع حاصل از کاهش صدور پروانه ساختمانی و از سوی دیگر اجرای ابرپروژه&zwnj;های شهری پول&zwnj;خوار(ساخت بزرگراه&zwnj;ها و تونل&zwnj;های شهری برای جولان خودروهای شخصی) سبب شد تا شهرداری به حرکت در ساده&zwnj;ترین مسیر تامین مالی یعنی فروش دارایی&zwnj;های ارزشمند شهر به شکل تهاتر با هزینه پیمانکاران ابر&zwnj;پروژه&zwnj;ها هدایت شود.</p>\r\n<p dir=\"rtl\">علاوه بر این مسیر، فروش ملک از دو مسیر دیگر نیز متداول بود. به این شکل که بخش زیادی از سازنده&zwnj;های پروژه&zwnj;های بزرگ ساختمانی به جای پرداخت پول نقد به شهرداری تهران، غیرنقدی و به شکل واگذاری ملک با شهرداری تسویه حساب می&zwnj;کردند و در مقابل نیز شهرداری به شکل غیرنقد، بدهی خود را به طلبکاران پرداخت می&zwnj;کرد. همین&zwnj;طور مسیر سوم در مبادلات ملکی شهرداری، مشارکت مجموعه مدیریت شهری از محل زمین و پروانه در پروژه&zwnj;های بزرگ ساخت وساز عمدتا با کاربری تجاری و اداری بود.</p>\r\n<p dir=\"rtl\">این روند که طی سال&zwnj;های گذشته در مسیر غیرشفاف و غیرقابل ردیابی برای تامین بخش عمده&zwnj;ای از هزینه&zwnj;های شهر طی می&zwnj;شد طی دوره جدید مدیریت شهری نیز به طریقی نیمه شفاف ادامه پیدا کرده است. به&zwnj;طوری که شهرداری طی دو سال اخیر در زمان تدوین بودجه، لیستی از املاک قابل فروش خود را ارائه می&zwnj;کند. هر چندکه طی سال&zwnj;های اخیر و حتی امسال، ردیفی که برای فروش املاک شهرداری به&zwnj;صورت اسمی کمتر از ۷۰۰ میلیارد تومان است(گزارش عملکرد ۹ ماهه شهرداری نیز نشان می&zwnj;دهد تامین منابع از این محل کمتر از ۵۰۰ میلیارد تومان بوده است) اما بررسی&zwnj;ها نشان می&zwnj;دهد طی این سال&zwnj;ها از جمله در سال ۹۶، بیش از ۵هزار میلیارد تومان از هزینه&zwnj;های شهر از محل فروش املاک تامین شده است. به نظرمی&zwnj;رسد علت تفاوت دو رقم اسمی و واقعی از میزان تامین منابع شهر از محل فروش املاک در یک موضوع ریشه دارد. آنکه مبادلات ملکی شهرداری تهران در یک کانال غیرشفاف و غیرقابل ردیابی از سوی برخی مجموعه&zwnj;های مدیریت شهری انجام می&zwnj;شود. به همین دلیل بهاره آروین رئیس کمیته شفافیت شورای شهر تهران این موضوع را به&zwnj;عنوان چالش بزرگی که می&zwnj;تواند محل فساد و محروم شدن بودجه شهرداری از&nbsp;<strong><a title=\"درآمد\" href=\"https://www.donya-e-eqtesad.com/fa/tags/%D8%AF%D8%B1%D8%A2%D9%85%D8%AF\">درآمد</a></strong>&nbsp;حاصل از فروش املاک به ارزش واقعی باشد معرفی کرد و همین موضوع سبب شد تا&nbsp;<strong><a title=\"شورای شهر\" href=\"https://www.donya-e-eqtesad.com/fa/tags/%D8%B4%D9%88%D8%B1%D8%A7%DB%8C_%D8%B4%D9%87%D8%B1\">شورای شهر</a></strong>&nbsp;در قالب مصوبه راه&zwnj;اندازی یک بازار آنلاین برای مبادلات ملکی شهرداری را پیگیری کند. در همین زمینه مقرر شد در راستای اجرای بند &laquo;ب&raquo; بخش پنجم مصوبه &laquo;دستورالعمل اجرایی مدیریت منابع و مصارف غیرنقد&raquo;، تا پایان فروردین ماه سال ۹۸، نسخه اولیه دستورالعمل پیشنهادی راه&zwnj;اندازی بازار آنلاین تهاتر املاک در شهرداری تهران از سوی سازمان املاک و مستغلات و سازمان فاوا وابسته به شهرداری تهران تهیه و به کمیته شفافیت و شهر هوشمند ارائه شود.&nbsp;<strong><a title=\"شورای شهر تهران\" href=\"https://www.donya-e-eqtesad.com/fa/tags/%D8%B4%D9%88%D8%B1%D8%A7%DB%8C_%D8%B4%D9%87%D8%B1_%D8%AA%D9%87%D8%B1%D8%A7%D9%86\">شورای شهر تهران</a></strong>&nbsp;به دنبال آن است که با راه&zwnj;اندازی این سامانه بدهکارانی که متقاضی ارائه دارایی غیرنقد به ازای بدهی خود به شهرداری هستند(مانند سازنده&zwnj;هایی که در ازای دریافت پروانه ساختمانی و سایر مجوزها تمایل به ارائه املاک دارند) و همچنین طلبکارانی که متقاضی دریافت دارایی غیرنقد به ازای طلب خود از شهرداری هستند(عمدتا پیمانکاران طلبکار از شهرداری)، بتوانند از طریق تهاتر با یکدیگر، حساب خود با شهرداری تهران را تسویه کنند.</p>\r\n<p dir=\"rtl\">اگرچه مطابق با مصوبه شورای شهر تهران بنا بود تا پایان فروردین (یعنی ۱۱ روز دیگر) بازار آنلاین مبادلات ملکی شهرداری راه&zwnj;اندازی شود، اما تحقیقات &laquo;دنیای اقتصاد&raquo; حاکی از آن است که تا روز گذشته این اتفاق نیفتاده و ممکن است طی چند روز آتی اقدامات مقدماتی برای راه&zwnj;اندازی این سامانه انجام شود. در قالب این سامانه تمامی املاک قابل فروش در یک سامانه جامع در دسترس عموم قرار خواهد گرفت تا پیمانکاران به&zwnj;عنوان مشتریان عمده با فرصت و حق انتخاب برابر از موجودی املاک قابل فروش شهرداری مطلع شوند و در این فضای شفاف، املاک شهرداری با قیمت واقعی به متقاضی نهایی که از طریق مزایده انتخاب می&zwnj;شود، عرضه شود.</p>\r\n<h2 dir=\"rtl\">دشواری تامین مالی غیرنقد</h2>\r\n<p dir=\"rtl\">کارشناسان شهری معتقدند مدیریت شهری در سال جدید حتی در صورت راه&zwnj;اندازی سامانه آنلاین مبادلات ملکی، مسیر پرپیچ&zwnj;و&zwnj;خمی را به دلیل رکود احتمالی بخش مسکن در پیش خواهد داشت. به ویژه آنکه به نظر می&zwnj;رسد مدیریت شهری با افزایش تعداد املاک ارائه شده در لیست قابل فروش خود نسبت به سال گذشته ممکن است حساب بیشتری برای تامین منابع از محل فروش املاک باز کرده باشد. مطابق با لیست اعلامی از سوی شهرداری، سال گذشته تعداد املاک معرفی شده در لیست فروش معادل ۲۷۳ فقره به ارزش یک هزار و ۵۷۰ میلیارد تومان بود. با وجود شرایط رکود احتمالی برای بخش&nbsp;<strong><a title=\"مسکن\" href=\"https://www.donya-e-eqtesad.com/fa/tags/%D9%85%D8%B3%DA%A9%D9%86\">مسکن</a></strong>&nbsp;این سوال به وجود می&zwnj;آید که چرا تعداد املاک ارائه شده در این لیست در سال جاری نسبت به سال گذشته دو برابر شده است؟ در پاسخ به این سوال برخی از کارشناسان شهری مطرح می&zwnj;کنند که حرکت در این مسیر پرگردنه با وجود شرایط سخت برای تامین مالی اداره شهر راحت&zwnj;تر از تکیه صفر بر تامین منابع از محل صدور پروانه ساختمانی برای شهرداری تهران خواهد بود. به عبارت دیگر چالش کسب درآمد از محل صدور پروانه ساختمانی و&nbsp;<strong><a title=\"تغییر کاربری\" href=\"https://www.donya-e-eqtesad.com/fa/tags/%D8%AA%D8%BA%DB%8C%DB%8C%D8%B1_%DA%A9%D8%A7%D8%B1%D8%A8%D8%B1%DB%8C\">تغییر کاربری</a></strong>&nbsp;سخت&zwnj;تر از فروش ملک در سال جاری برای شهرداری است. با این وجود از دیدگاه کارشناسان شهری لیست منتشر شده برای فروش املاک خطر بزرگی برای تامین حداکثری منافع شهر و شهروندان دارد و آن &laquo;عدم به روزرسانی قیمت کارشناسی املاک&raquo; در این لیست است. بررسی جزئیات قیمت اعلامی در لیست سال جاری ومقایسه آن با لیست سال گذشته حاکی از آن است که قیمت برآورد شده برای املاک در دو سال بدون هیچ تفاوتی ثبت شده است(بخش عمده املاک معرفی شده در لیست قابل فروش در سال ۹۸ با لیست سال گذشته یکسان است که به معنی عدم فروش آنها در سال گذشته است) این در حالی است که متوسط&nbsp;<strong><a title=\"قیمت مسکن\" href=\"https://www.donya-e-eqtesad.com/fa/tags/%D9%82%DB%8C%D9%85%D8%AA_%D9%85%D8%B3%DA%A9%D9%86\">قیمت مسکن</a></strong>&nbsp;از سال گذشته تاکنون با افزایش قابل توجهی روبه&zwnj;رو بوده است. به&zwnj;طور مثال متوسط قیمت زمین و مسکن از اواخر ۹۷ تاکنون نزدیک به ۱۵ درصد افزایش پیدا کرده است از این رو کارشناسان پیشنهاد می&zwnj;دهند برای تامین بهتر منافع شهر و شهروندان، قیمت&zwnj;های کارشناسی اعلام شده برای املاک تعدیل شوند در عین حال از دیدگاه آنان عرضه ۵۹۵ ملک قابل فروش از طریق &laquo;بازار آنلاین&raquo; به جای &laquo;کانال اختصاصی&raquo; بهتر می&zwnj;تواند تامین منافع شهر را تضمین کند. چراکه در حال حاضر شهرداری برای پرداخت بدهی خود به پیمانکاران به&zwnj;صورت اختصاصی وارد مذاکره می&zwnj;شود و به همین دلیل امکان رویت، دسترسی و اطلاع از همه املاک قابل فروش شهرداری برای پیمانکاران وجود ندارد. به گفته&nbsp;<strong><a title=\"اعضای شورای\" href=\"https://www.donya-e-eqtesad.com/fa/tags/%D8%A7%D8%B9%D8%B6%D8%A7%DB%8C_%D8%B4%D9%88%D8%B1%D8%A7%DB%8C\">اعضای شورای</a></strong>&nbsp;شهر، قرار است با راه&zwnj;اندازی بازار آنلاین، فروش املاک با بهترین قیمت از بابت حفظ منافع شهروندان تضمین شود و هر نوع احتمال قیمت&zwnj;گذاری به نفع خریدار به صفر برسد و در نهایت روزنه&zwnj;های رانت و فساد بسته شود. این در حالی است که در مدل فعلی فروش املاک علاوه بر آن که روند انتخابی غیرشفاف و غیرقابل ردیابی است، مدل قیمت&zwnj;گذاری املاک فرمت مشخصی نیز ندارد و می&zwnj;تواند با اعمال سلیقه از سوی مدیران شهرداری انجام &zwnj;شود.</p>', 0, '', 1, 2, '2019-04-15 04:57:40', '2019-04-15 04:57:40', NULL),
(29, 'اگر احمدی نژاد گفته بود انقلاب کار انگلیسی ها بود،حتما در شنود دفترش لو می رفت!', '<p dir=\"RTL\"><strong>امروز نقل&zwnj;قولی از آقای امیری&zwnj;فر منتشر شد که آقای احمدی&zwnj;نژاد گفته&zwnj;اند &laquo;انقلاب ۵۷ کار انگلیس&zwnj;ها بوده است&raquo;؛ شما در آن جلسه مورد اشاره حضور داشتید؟!</strong></p>\r\n<p dir=\"RTL\">ماجرا مثل این است که ملانصرالدین به دروغ به مردم گفت که فلان &zwnj;جا آش می&zwnj;دهند ولی خودش هم این دروغ را باورش شد و دوید به آن سمت تا آش بگیرد! واقعیت این است که یک خبر کذبی را سایت وابسته به سپاه بصیرت منتشر کرد و آقای جوانفکر آن خبر را تکذیب کرد. حالا آقای امینی&zwnj;فر می&zwnj;گوید که من در آن جلسه حضور داشته&zwnj;ام ولی اگر شما به خبر سایت بصیرت مراجعه کنید، آنجا گفته شده که اخیرا چنین حرفی زده شده که از اساس دروغ است. آقای امینی&zwnj;فر امروز بیشتر از 3 سال است که هیچ ترددی به دفتر آقای احمدی&zwnj;نژاد ندارند.</p>\r\n<p dir=\"RTL\"><strong>یعنی ایشان بیشتر از ۳ سال است که به ولنجک نیامده&zwnj;اند؟</strong></p>\r\n<p dir=\"RTL\">بله دقیقا! قبل از این زمان هم ایشان به صورت خیلی محدود در دفتر حضور پیدا می&zwnj;کردند و گپ&zwnj;وگفتی با دوستان داشتند.</p>\r\n<p dir=\"RTL\"><strong>ولی به هر حال آقای امینی&zwnj;فر از نزدیکان آقای احمدی&zwnj;نژاد محسوب می&zwnj;شوند و مدتی هم در&nbsp;<a title=\"دولت\" href=\"https://www.donya-e-eqtesad.com/fa/tags/%D8%AF%D9%88%D9%84%D8%AA\">دولت</a>&nbsp;ایشان امام جماعت نهاد ریاست&zwnj;جمهوری بودند.</strong></p>\r\n<p dir=\"RTL\">خیر! هرگز ایشان از نزدیکان نبودند. مگر امام جماعت نهاد ریاست&zwnj;جمهوری مهم است؟ مگر الان امام جماعت&nbsp;<strong><a title=\"مسجد\" href=\"https://www.donya-e-eqtesad.com/fa/tags/%D9%85%D8%B3%D8%AC%D8%AF\">مسجد</a></strong>&nbsp;سلمان فارسی نهاد ریاست&zwnj;جمهوری به آقای روحانی نزدیک است؟ اصلا مگر آقای روحانی آنجا نماز می&zwnj;خواند؟</p>\r\n<p dir=\"RTL\"><strong>تفاوت اینجاست که آقای امینی&zwnj;فر بابت دست داشتن در ساخت مستند &laquo;ظهور نزدیک است&raquo; بازداشت شدند.</strong></p>\r\n<p dir=\"RTL\">نه! این موارد بیشتر فضاسازی رسانه&zwnj;ای است و ایشان تمام نکاتی که گفته&zwnj;اند، کذب محض است و حتی ارزش پاسخ دادن هم ندارد. این موضوع اهمیتی هم ندارد که از ایشان بخواهد شکایتی مطرح شود. شما این نکته را باید در نظر بگیرید که تمام دفتر آقای احمدی&zwnj;نژاد و تمام نکاتی که مطرح می&zwnj;شود یقینا از طرف نهادهای امنیتی شنود می&zwnj;شود.</p>\r\n<p dir=\"RTL\"><strong>پس شما مدعی شنود کامل دفتر ولنجک هستید؟</strong></p>\r\n<p dir=\"RTL\">قطعا شنود می&zwnj;شود، شک نکنید! قطعا نهادهای امنیتی هم منابع خودشان را دارند و هم دفتر را تجهیز کرده&zwnj;اند. اصلا چنین چیزی امکان ندارد که آقای احمدی&zwnj;نژاد چنین حرفی را بزند و بعد یک فردی آن را نقل کند.</p>\r\n<p dir=\"RTL\"><strong>شما می&zwnj;گویید سایت منتشرکننده این اظهارات وابسته به سپاه است و بعد می&zwnj;گویید دفتر به صورت کامل از سوی نهادهای امنیتی شنود می&zwnj;شود، یعنی بین این مسائل ارتباطی می&zwnj;بینید؟</strong></p>\r\n<p dir=\"RTL\">یادتان باشد که آنها شنودهای خود را در سایت بصیرت منتشر نمی&zwnj;کنند، آنها شنودهایشان را در بولتن&zwnj;هایی که بعضا به دست مقامات عالی می&zwnj;رسد، قرار می&zwnj;دهند نه این سایت. اتفاقا این مطلب آقای امینی&zwnj;فر با توجه به اینکه ایشان اصرار دارد که در آن جلسه حضور دارد، نشان داد که منبع خبر سایت بصیرت خود آقای امینی&zwnj;فر است. یعنی من فکر می&zwnj;کنم که ایشان یک خبر کذبی را به این سایت داده و بعد این خبر تکذیب شده است ولی حالا ایشان تلاش می&zwnj;کند که به نوعی برای آن خبر مبنا و صحت ایجاد کند. مواضع آقای احمدی&zwnj;نژاد مواضع دوگانه&zwnj;ای ندارد که در جلسات خصوص یک مدل حرف بزند و در مواضع بیرونی طور دیگری سخن بگوید. حداقل آقای احمدی&zwnj;نژاد در عمل نشان &zwnj;داده&zwnj; که شجاعت ایستادگی بر مواضع خود را دارد.</p>\r\n<p dir=\"RTL\"><strong>قبول دارید که کف&nbsp;<a title=\"جامعه\" href=\"https://www.donya-e-eqtesad.com/fa/tags/%D8%AC%D8%A7%D9%85%D8%B9%D9%87\">جامعه</a>&nbsp;این استدلال شما را نمی&zwnj;پذیرد و عملا به این نتیجه رسیده که احمدی&zwnj;نژاد امروز با احمدی&zwnj;نژاد دوران ریاست&zwnj;جمهوری تفاوت&zwnj;های مشخصی دارد.</strong></p>\r\n<p dir=\"RTL\">نکته اینجاست که جایگاه ریاست&zwnj;جمهوری، جایگاهی نیست که افراد آنجا وارد مجادلات سیاسی یا تحلیل&zwnj;های تئوریک شوند. جایگاه ریاست&zwnj;جمهوری بسیاری از ظرفیت&zwnj;ها را برای طرح بسیاری از موضوعات ندارد. فردی که رییس&zwnj;جمهور می&zwnj;شود در قبال کل ملت نقشی واحد دارد و در بسیاری از حوزه&zwnj;ها نمی&zwnj;تواند آن موضعی که الزاما در&nbsp;<strong><a title=\"ذهن\" href=\"https://www.donya-e-eqtesad.com/fa/tags/%D8%B0%D9%87%D9%86\">ذهن</a></strong>&nbsp;دارد را اعلام کند چراکه موضع رییس&zwnj;جمهوری یک موضع ملی و حتی فراملی است. طبیعتا در آن موضع گفتن بسیاری از حرف&zwnj;ها با محدودیت مواجه است.</p>\r\n<p dir=\"RTL\"><strong>اما در همین یاداشت آقای امینی&zwnj;فر آمده که آقای احمدی&zwnj;نژاد بعد از رد صلاحیت در&nbsp;<a title=\"انتخابات\" href=\"https://www.donya-e-eqtesad.com/fa/tags/%D8%A7%D9%86%D8%AA%D8%AE%D8%A7%D8%A8%D8%A7%D8%AA\">انتخابات</a>&nbsp;ریاست&zwnj;جمهوری از &laquo;رهبری و نظام کینه به دل گرفته است&raquo;.</strong></p>\r\n<p dir=\"RTL\">ایشان که اصلا در آنجا نبوده که این حرف را زده! آقای امینی&zwnj;فر کلا به دفتر نمی&zwnj;آمدند پس چطوری اطلاع دارند که آقای احمدی&zwnj;نژاد چه گفته؟! ایشان در واقع فکر می&zwnj;کرد که در آن انتخابات می&zwnj;آید و می&zwnj;تواند کمک کند به جامعه که این فضا برای ایشان فراهم نشد و این&zwnj; بار از دوش او برداشته شد که فبهالمراد! واقعا این طور که می&zwnj;گویند، نیست! ما از آقای امینی&zwnj;فر خیلی توقعی نداریم ولی از رسانه&zwnj;ها توقع داریم. اصلا برای او اهمیتی نداشت. ایشان احساس مسوولیت می&zwnj;کرد که بیاید و در صحنه حضور پیدا کند تا بتواند به جامعه کمک کند که این فضا فراهم نشد.</p>\r\n<p dir=\"RTL\"><strong>برگزاری آن جلسه که آقای امینی&zwnj;فر مدعی هستند که آقای احمدی&zwnj;نژاد آن حرف&zwnj;ها را در آن زده را تایید می&zwnj;کنید یا از اساس برگزاری جلسه را هم تکذیب می&zwnj;کنید؟</strong></p>\r\n<p dir=\"RTL\">این محتوا از اساس کذب است.</p>\r\n<p dir=\"RTL\"><strong>آخرین جلسه آقای احمدی&zwnj;نژاد در ولنجک چه زمانی بوده است؟</strong></p>\r\n<p dir=\"RTL\">آقای احمدی&zwnj;نژاد جلسات مختلفی دارند. جلسات کارشناسی&zwnj;های مختلفی را برگزار می&zwnj;کنند. جلسات&nbsp;<strong><a title=\"کارشناسی\" href=\"https://www.donya-e-eqtesad.com/fa/tags/%DA%A9%D8%A7%D8%B1%D8%B4%D9%86%D8%A7%D8%B3%DB%8C\">کارشناسی</a></strong>&nbsp;با کارشناسان اقتصادی و علوم اجتماعی همواره برگزار می&zwnj;شود ولی آن جلسه که آقایان با آن محتوا گفتند، کذب است. از طرف دیگر یک فردی هم آمده گفته که در آن جلسه حضور داشته که بیشتر از ۳ سال است ترددی به آنجا ندارد.</p>', 0, '', 1, 1, '2019-04-15 04:59:26', '2019-04-15 04:59:26', NULL);

-- --------------------------------------------------------

--
-- Table structure for table `news_category`
--

CREATE TABLE `news_category` (
  `id` int(10) UNSIGNED NOT NULL,
  `news_id` int(10) UNSIGNED NOT NULL,
  `category_id` int(10) UNSIGNED NOT NULL,
  `created_at` timestamp NULL DEFAULT CURRENT_TIMESTAMP,
  `updated_at` timestamp NULL DEFAULT NULL
) ENGINE=MyISAM DEFAULT CHARSET=utf8mb4 COLLATE=utf8mb4_unicode_ci;

--
-- Dumping data for table `news_category`
--

INSERT INTO `news_category` (`id`, `news_id`, `category_id`, `created_at`, `updated_at`) VALUES
(1, 27, 1, '2019-04-15 07:48:38', NULL),
(2, 27, 2, '2019-04-15 07:48:38', NULL),
(3, 27, 3, '2019-04-15 07:48:38', NULL),
(4, 2, 1, '2019-04-15 08:34:22', NULL),
(5, 2, 3, '2019-04-15 08:34:22', NULL),
(6, 2, 4, '2019-04-15 08:34:22', NULL),
(7, 26, 2, '2019-04-15 08:34:33', NULL),
(8, 26, 3, '2019-04-15 08:34:33', NULL),
(9, 24, 2, '2019-04-15 08:34:43', NULL),
(10, 24, 3, '2019-04-15 08:34:43', NULL),
(11, 24, 4, '2019-04-15 08:34:43', NULL),
(12, 15, 2, '2019-04-15 08:34:52', NULL),
(13, 15, 3, '2019-04-15 08:34:52', NULL),
(14, 15, 4, '2019-04-15 08:34:52', NULL),
(15, 22, 1, '2019-04-15 08:35:01', NULL),
(16, 22, 2, '2019-04-15 08:35:01', NULL),
(17, 22, 3, '2019-04-15 08:35:01', NULL),
(18, 23, 2, '2019-04-15 08:35:08', NULL),
(19, 23, 3, '2019-04-15 08:35:08', NULL),
(20, 23, 4, '2019-04-15 08:35:08', NULL),
(21, 14, 2, '2019-04-15 08:35:18', NULL),
(22, 14, 3, '2019-04-15 08:35:18', NULL),
(23, 14, 4, '2019-04-15 08:35:18', NULL),
(24, 25, 1, '2019-04-15 08:35:27', NULL),
(25, 25, 2, '2019-04-15 08:35:27', NULL),
(26, 25, 3, '2019-04-15 08:35:27', NULL),
(27, 26, 5, '2019-04-15 08:35:51', NULL),
(28, 28, 2, '2019-04-15 09:27:40', NULL),
(29, 28, 3, '2019-04-15 09:27:40', NULL),
(30, 28, 4, '2019-04-15 09:27:40', NULL),
(31, 29, 1, '2019-04-15 09:29:26', NULL),
(32, 29, 2, '2019-04-15 09:29:26', NULL),
(33, 29, 3, '2019-04-15 09:29:26', NULL);

-- --------------------------------------------------------

--
-- Table structure for table `news_meta`
--

CREATE TABLE `news_meta` (
  `id` int(11) NOT NULL,
  `meta_key` varchar(150) COLLATE utf8mb4_persian_ci NOT NULL,
  `meta_value` text COLLATE utf8mb4_persian_ci,
  `news_id` int(11) NOT NULL,
  `created_at` timestamp NULL DEFAULT CURRENT_TIMESTAMP,
  `updated_at` timestamp NULL DEFAULT NULL ON UPDATE CURRENT_TIMESTAMP,
  `deleted_at` timestamp NULL DEFAULT NULL
) ENGINE=MyISAM DEFAULT CHARSET=utf8mb4 COLLATE=utf8mb4_persian_ci;

-- --------------------------------------------------------

--
-- Table structure for table `news_tags`
--

CREATE TABLE `news_tags` (
  `id` int(10) UNSIGNED NOT NULL,
  `news_id` varchar(191) COLLATE utf8mb4_unicode_ci NOT NULL,
  `tags_id` varchar(191) COLLATE utf8mb4_unicode_ci NOT NULL,
  `created_at` timestamp NULL DEFAULT CURRENT_TIMESTAMP,
  `updated_at` timestamp NULL DEFAULT NULL
) ENGINE=MyISAM DEFAULT CHARSET=utf8mb4 COLLATE=utf8mb4_unicode_ci;

--
-- Dumping data for table `news_tags`
--

INSERT INTO `news_tags` (`id`, `news_id`, `tags_id`, `created_at`, `updated_at`) VALUES
(1, '23', '2', '2019-04-15 06:14:27', NULL),
(2, '23', '3', '2019-04-15 06:14:27', NULL),
(9, '24', '19', '2019-04-15 07:07:49', NULL),
(39, '14', '3', '2019-04-15 08:35:18', NULL),
(8, '23', '19', '2019-04-15 07:02:18', NULL),
(7, '23', '18', '2019-04-15 07:02:18', NULL),
(28, '2', '4', '2019-04-15 08:31:13', NULL),
(27, '27', '6', '2019-04-15 07:48:38', NULL),
(13, '24', '2', '2019-04-15 07:08:24', NULL),
(14, '24', '3', '2019-04-15 07:08:24', NULL),
(38, '14', '2', '2019-04-15 08:35:18', NULL),
(26, '27', '5', '2019-04-15 07:48:38', NULL),
(24, '27', '3', '2019-04-15 07:48:38', NULL),
(25, '27', '4', '2019-04-15 07:48:38', NULL),
(23, '23', '33', '2019-04-15 07:12:46', NULL),
(29, '2', '5', '2019-04-15 08:31:13', NULL),
(30, '26', '2', '2019-04-15 08:34:33', NULL),
(31, '26', '3', '2019-04-15 08:34:33', NULL),
(32, '15', '2', '2019-04-15 08:34:52', NULL),
(33, '15', '3', '2019-04-15 08:34:52', NULL),
(34, '15', '4', '2019-04-15 08:34:52', NULL),
(35, '22', '4', '2019-04-15 08:35:01', NULL),
(36, '22', '5', '2019-04-15 08:35:01', NULL),
(37, '22', '3', '2019-04-15 08:35:01', NULL),
(40, '14', '5', '2019-04-15 08:35:18', NULL),
(41, '14', '6', '2019-04-15 08:35:18', NULL),
(42, '25', '4', '2019-04-15 08:35:27', NULL),
(43, '25', '5', '2019-04-15 08:35:27', NULL),
(44, '25', '3', '2019-04-15 08:35:27', NULL),
(45, '26', '5', '2019-04-15 08:35:51', NULL),
(46, '26', '4', '2019-04-15 08:35:51', NULL),
(47, '28', '4', '2019-04-15 09:27:40', NULL),
(48, '28', '5', '2019-04-15 09:27:40', NULL),
(49, '28', '6', '2019-04-15 09:27:40', NULL),
(50, '29', '1', '2019-04-15 09:29:26', NULL),
(51, '29', '34', '2019-04-15 09:29:26', NULL),
(52, '29', '35', '2019-04-15 09:29:26', NULL);

-- --------------------------------------------------------

--
-- Table structure for table `password_resets`
--

CREATE TABLE `password_resets` (
  `email` varchar(191) COLLATE utf8mb4_unicode_ci NOT NULL,
  `token` varchar(191) COLLATE utf8mb4_unicode_ci NOT NULL,
  `created_at` timestamp NULL DEFAULT NULL
) ENGINE=MyISAM DEFAULT CHARSET=utf8mb4 COLLATE=utf8mb4_unicode_ci;

-- --------------------------------------------------------

--
-- Table structure for table `permissions`
--

CREATE TABLE `permissions` (
  `id` int(10) UNSIGNED NOT NULL,
  `name` varchar(191) COLLATE utf8mb4_unicode_ci NOT NULL,
  `guard_name` varchar(191) COLLATE utf8mb4_unicode_ci NOT NULL,
  `created_at` timestamp NULL DEFAULT NULL,
  `updated_at` timestamp NULL DEFAULT NULL
) ENGINE=MyISAM DEFAULT CHARSET=utf8mb4 COLLATE=utf8mb4_unicode_ci;

--
-- Dumping data for table `permissions`
--

INSERT INTO `permissions` (`id`, `name`, `guard_name`, `created_at`, `updated_at`) VALUES
(1, 'add articles', 'web', '2019-04-14 03:53:08', '2019-04-14 03:53:08');

-- --------------------------------------------------------

--
-- Table structure for table `picture`
--

CREATE TABLE `picture` (
  `id` int(11) NOT NULL,
  `path` varchar(150) COLLATE utf8mb4_persian_ci DEFAULT NULL,
  `has_thumbnail` tinyint(1) DEFAULT '0',
  `thumbnail_path` varchar(150) COLLATE utf8mb4_persian_ci DEFAULT NULL,
  `item_type` varchar(50) COLLATE utf8mb4_persian_ci DEFAULT 'news',
  `item_id` int(11) DEFAULT '0',
  `user_id` int(11) NOT NULL,
  `created_at` timestamp NULL DEFAULT CURRENT_TIMESTAMP,
  `updated_at` timestamp NULL DEFAULT NULL ON UPDATE CURRENT_TIMESTAMP,
  `deleted_at` timestamp NULL DEFAULT NULL
) ENGINE=MyISAM DEFAULT CHARSET=utf8mb4 COLLATE=utf8mb4_persian_ci;

--
-- Dumping data for table `picture`
--

INSERT INTO `picture` (`id`, `path`, `has_thumbnail`, `thumbnail_path`, `item_type`, `item_id`, `user_id`, `created_at`, `updated_at`, `deleted_at`) VALUES
(1, '\\picture\\news\\1398-01-24\\1555154004.png', 1, '\\picture\\news\\1398-01-24\\1555154004__.png', '1555153997', 0, 1, '2019-04-13 06:43:25', '2019-04-13 06:43:25', NULL),
(2, '\\picture\\news\\1398-01-24\\1555155825.jpg', 1, '\\picture\\news\\1398-01-24\\1555155825_200x200.jpg', '1555155674', 0, 1, '2019-04-13 07:13:45', '2019-04-13 07:13:45', NULL),
(3, '\\picture\\news\\1398-01-24\\1555155938.jpg', 1, '\\picture\\news\\1398-01-24\\1555155938_200x200.jpg', '1555155832', 0, 1, '2019-04-13 07:15:38', '2019-04-13 07:15:38', NULL),
(4, '\\picture\\news\\1398-01-24\\1555157105.jpg', 1, '\\picture\\news\\1398-01-24\\1555157105_200x200.jpg', 'news', 2, 1, '2019-04-13 07:35:05', '2019-04-13 07:35:26', NULL),
(5, '\\picture\\news\\1398-01-25\\1555224622.jpg', 1, '\\picture\\news\\1398-01-25\\1555224622_200x200.jpg', '1555224566', 0, 1, '2019-04-14 02:20:23', '2019-04-14 02:20:23', NULL),
(6, '\\picture\\news\\1398-01-25\\1555224649.jpg', 1, '\\picture\\news\\1398-01-25\\1555224649_200x200.jpg', 'news', 3, 1, '2019-04-14 02:20:50', '2019-04-14 02:22:03', NULL);

-- --------------------------------------------------------

--
-- Table structure for table `roles`
--

CREATE TABLE `roles` (
  `id` int(10) UNSIGNED NOT NULL,
  `name` varchar(191) COLLATE utf8mb4_unicode_ci NOT NULL,
  `guard_name` varchar(191) COLLATE utf8mb4_unicode_ci NOT NULL,
  `created_at` timestamp NULL DEFAULT NULL,
  `updated_at` timestamp NULL DEFAULT NULL
) ENGINE=MyISAM DEFAULT CHARSET=utf8mb4 COLLATE=utf8mb4_unicode_ci;

--
-- Dumping data for table `roles`
--

INSERT INTO `roles` (`id`, `name`, `guard_name`, `created_at`, `updated_at`) VALUES
(1, 'manager', 'web', '2019-04-14 03:52:04', '2019-04-14 03:52:04'),
(2, 'writer', 'web', '2019-04-15 06:31:37', '2019-04-15 06:31:37');

-- --------------------------------------------------------

--
-- Table structure for table `role_has_permissions`
--

CREATE TABLE `role_has_permissions` (
  `permission_id` int(10) UNSIGNED NOT NULL,
  `role_id` int(10) UNSIGNED NOT NULL
) ENGINE=MyISAM DEFAULT CHARSET=utf8mb4 COLLATE=utf8mb4_unicode_ci;

-- --------------------------------------------------------

--
-- Table structure for table `status`
--

CREATE TABLE `status` (
  `id` int(11) NOT NULL,
  `title` varchar(50) COLLATE utf8mb4_persian_ci NOT NULL,
  `description` varchar(500) COLLATE utf8mb4_persian_ci DEFAULT NULL,
  `created_at` timestamp NULL DEFAULT CURRENT_TIMESTAMP,
  `updated_at` timestamp NULL DEFAULT NULL ON UPDATE CURRENT_TIMESTAMP
) ENGINE=MyISAM DEFAULT CHARSET=utf8mb4 COLLATE=utf8mb4_persian_ci;

--
-- Dumping data for table `status`
--

INSERT INTO `status` (`id`, `title`, `description`, `created_at`, `updated_at`) VALUES
(1, 'پیش نویس', NULL, '2019-04-13 01:33:15', '2019-04-13 01:33:15'),
(2, 'منتشر شده', NULL, '2019-04-13 01:33:22', '2019-04-13 01:33:22'),
(3, 'بعدآ منتشر شود', NULL, '2019-04-13 01:33:42', '2019-04-13 01:33:42'),
(4, 'آرشیو', NULL, '2019-04-13 01:33:50', '2019-04-13 01:33:50');

-- --------------------------------------------------------

--
-- Table structure for table `tags`
--

CREATE TABLE `tags` (
  `id` int(11) NOT NULL,
  `tag` varchar(150) COLLATE utf8mb4_persian_ci DEFAULT NULL,
  `created_at` timestamp NULL DEFAULT CURRENT_TIMESTAMP,
  `updated_at` timestamp NOT NULL DEFAULT '0000-00-00 00:00:00' ON UPDATE CURRENT_TIMESTAMP
) ENGINE=MyISAM DEFAULT CHARSET=utf8mb4 COLLATE=utf8mb4_persian_ci;

--
-- Dumping data for table `tags`
--

INSERT INTO `tags` (`id`, `tag`, `created_at`, `updated_at`) VALUES
(1, 'خبری', '2019-04-14 09:57:45', '0000-00-00 00:00:00'),
(3, 'اداره شهر', '2019-04-14 11:32:35', '0000-00-00 00:00:00'),
(4, 'املاک شهرداری', '2019-04-14 07:05:30', '2019-04-14 07:05:30'),
(5, 'پیروز حناچی', '2019-04-14 07:05:30', '2019-04-14 07:05:30'),
(6, 'شهرداری تهران', '2019-04-14 07:05:30', '2019-04-14 07:05:30'),
(32, 'خبر سیاسی', '2019-04-15 02:42:12', '2019-04-15 02:42:12'),
(33, 'شهردار', '2019-04-15 02:42:46', '2019-04-15 02:42:46'),
(18, 'شهر تهران', '2019-04-15 02:31:40', '2019-04-15 02:31:40'),
(19, 'تهران', '2019-04-15 02:31:40', '2019-04-15 02:31:40'),
(34, 'احمدی نژاد', '2019-04-15 04:59:26', '2019-04-15 04:59:26'),
(25, 'خبر داخلی', '2019-04-15 02:33:06', '2019-04-15 02:33:06'),
(35, 'سیاسی', '2019-04-15 04:59:26', '2019-04-15 04:59:26');

-- --------------------------------------------------------

--
-- Table structure for table `users`
--

CREATE TABLE `users` (
  `id` bigint(20) UNSIGNED NOT NULL,
  `name` varchar(191) COLLATE utf8mb4_unicode_ci NOT NULL,
  `email` varchar(191) COLLATE utf8mb4_unicode_ci NOT NULL,
  `email_verified_at` timestamp NULL DEFAULT NULL,
  `password` varchar(191) COLLATE utf8mb4_unicode_ci NOT NULL,
  `remember_token` varchar(100) COLLATE utf8mb4_unicode_ci DEFAULT NULL,
  `created_at` timestamp NULL DEFAULT NULL,
  `updated_at` timestamp NULL DEFAULT NULL,
  `deleted_at` timestamp NULL DEFAULT NULL
) ENGINE=MyISAM DEFAULT CHARSET=utf8mb4 COLLATE=utf8mb4_unicode_ci;

--
-- Dumping data for table `users`
--

INSERT INTO `users` (`id`, `name`, `email`, `email_verified_at`, `password`, `remember_token`, `created_at`, `updated_at`, `deleted_at`) VALUES
(1, 'niazy', 'nasservb@gmail.com', NULL, '$2y$10$RHSnI7.z0QkCJ1khCtWCB.pxyN4cjod71I2bbR.4jN6K2vdNJIWR2', NULL, '2019-04-12 20:01:53', '2019-04-15 06:57:26', NULL),
(2, 'nasser niazy', 'nasservb2@gmail.com', NULL, '12345678', NULL, '2019-04-15 06:30:17', '2019-04-15 06:30:17', NULL),
(3, 'ali', 'nasservb3@gmail.com', NULL, '$2y$10$G18byFGZjDDTt/sMoMA5gejY44ZllSSriVy89pj0u76rmYIMBFg36', NULL, '2019-04-15 07:11:36', '2019-04-15 07:11:36', NULL);

--
-- Indexes for dumped tables
--

--
-- Indexes for table `category`
--
ALTER TABLE `category`
  ADD PRIMARY KEY (`id`);

--
-- Indexes for table `migrations`
--
ALTER TABLE `migrations`
  ADD PRIMARY KEY (`id`);

--
-- Indexes for table `model_has_permissions`
--
ALTER TABLE `model_has_permissions`
  ADD PRIMARY KEY (`permission_id`,`model_id`,`model_type`),
  ADD KEY `model_has_permissions_model_id_model_type_index` (`model_id`,`model_type`);

--
-- Indexes for table `model_has_roles`
--
ALTER TABLE `model_has_roles`
  ADD PRIMARY KEY (`role_id`,`model_id`,`model_type`),
  ADD KEY `model_has_roles_model_id_model_type_index` (`model_id`,`model_type`);

--
-- Indexes for table `news`
--
ALTER TABLE `news`
  ADD PRIMARY KEY (`id`);

--
-- Indexes for table `news_category`
--
ALTER TABLE `news_category`
  ADD PRIMARY KEY (`id`),
  ADD KEY `news_category_news_id_foreign` (`news_id`),
  ADD KEY `news_category_category_id_foreign` (`category_id`);

--
-- Indexes for table `news_meta`
--
ALTER TABLE `news_meta`
  ADD PRIMARY KEY (`id`);

--
-- Indexes for table `news_tags`
--
ALTER TABLE `news_tags`
  ADD PRIMARY KEY (`id`);

--
-- Indexes for table `password_resets`
--
ALTER TABLE `password_resets`
  ADD KEY `password_resets_email_index` (`email`);

--
-- Indexes for table `permissions`
--
ALTER TABLE `permissions`
  ADD PRIMARY KEY (`id`);

--
-- Indexes for table `picture`
--
ALTER TABLE `picture`
  ADD PRIMARY KEY (`id`);

--
-- Indexes for table `roles`
--
ALTER TABLE `roles`
  ADD PRIMARY KEY (`id`);

--
-- Indexes for table `role_has_permissions`
--
ALTER TABLE `role_has_permissions`
  ADD PRIMARY KEY (`permission_id`,`role_id`),
  ADD KEY `role_has_permissions_role_id_foreign` (`role_id`);

--
-- Indexes for table `status`
--
ALTER TABLE `status`
  ADD PRIMARY KEY (`id`);

--
-- Indexes for table `tags`
--
ALTER TABLE `tags`
  ADD PRIMARY KEY (`id`);

--
-- Indexes for table `users`
--
ALTER TABLE `users`
  ADD PRIMARY KEY (`id`),
  ADD UNIQUE KEY `users_email_unique` (`email`);

--
-- AUTO_INCREMENT for dumped tables
--

--
-- AUTO_INCREMENT for table `category`
--
ALTER TABLE `category`
  MODIFY `id` int(11) NOT NULL AUTO_INCREMENT, AUTO_INCREMENT=6;
--
-- AUTO_INCREMENT for table `migrations`
--
ALTER TABLE `migrations`
  MODIFY `id` int(10) UNSIGNED NOT NULL AUTO_INCREMENT, AUTO_INCREMENT=20;
--
-- AUTO_INCREMENT for table `news`
--
ALTER TABLE `news`
  MODIFY `id` int(11) NOT NULL AUTO_INCREMENT, AUTO_INCREMENT=30;
--
-- AUTO_INCREMENT for table `news_category`
--
ALTER TABLE `news_category`
  MODIFY `id` int(10) UNSIGNED NOT NULL AUTO_INCREMENT, AUTO_INCREMENT=34;
--
-- AUTO_INCREMENT for table `news_meta`
--
ALTER TABLE `news_meta`
  MODIFY `id` int(11) NOT NULL AUTO_INCREMENT;
--
-- AUTO_INCREMENT for table `news_tags`
--
ALTER TABLE `news_tags`
  MODIFY `id` int(10) UNSIGNED NOT NULL AUTO_INCREMENT, AUTO_INCREMENT=53;
--
-- AUTO_INCREMENT for table `permissions`
--
ALTER TABLE `permissions`
  MODIFY `id` int(10) UNSIGNED NOT NULL AUTO_INCREMENT, AUTO_INCREMENT=2;
--
-- AUTO_INCREMENT for table `picture`
--
ALTER TABLE `picture`
  MODIFY `id` int(11) NOT NULL AUTO_INCREMENT, AUTO_INCREMENT=7;
--
-- AUTO_INCREMENT for table `roles`
--
ALTER TABLE `roles`
  MODIFY `id` int(10) UNSIGNED NOT NULL AUTO_INCREMENT, AUTO_INCREMENT=3;
--
-- AUTO_INCREMENT for table `status`
--
ALTER TABLE `status`
  MODIFY `id` int(11) NOT NULL AUTO_INCREMENT, AUTO_INCREMENT=5;
--
-- AUTO_INCREMENT for table `tags`
--
ALTER TABLE `tags`
  MODIFY `id` int(11) NOT NULL AUTO_INCREMENT, AUTO_INCREMENT=36;
--
-- AUTO_INCREMENT for table `users`
--
ALTER TABLE `users`
  MODIFY `id` bigint(20) UNSIGNED NOT NULL AUTO_INCREMENT, AUTO_INCREMENT=4;COMMIT;

/*!40101 SET CHARACTER_SET_CLIENT=@OLD_CHARACTER_SET_CLIENT */;
/*!40101 SET CHARACTER_SET_RESULTS=@OLD_CHARACTER_SET_RESULTS */;
/*!40101 SET COLLATION_CONNECTION=@OLD_COLLATION_CONNECTION */;
